{"cameraMode":{"drawMode":0,"name":"Shaded","section":"Shading Mode"},"sceneLighting":true,"audioPlay":false,"sceneViewState":{"showFog":true,"showMaterialUpdate":false,"showSkybox":true,"showFlares":true,"showImageEffects":true,"showParticleSystems":true},"in2DMode":false,"pivot":{"x":-3.4696080684661867,"y":0.9229865074157715,"z":2.8236331939697267},"rotation":{"x":-0.10931111872196198,"y":-0.07091273367404938,"z":0.007819690741598606,"w":-0.991454541683197},"size":10.0,"orthographic":false}