{"cameraMode":{"drawMode":0,"name":"Shaded","section":"Shading Mode"},"sceneLighting":true,"audioPlay":false,"sceneViewState":{"showFog":true,"showMaterialUpdate":false,"showSkybox":true,"showFlares":true,"showImageEffects":true,"showParticleSystems":true},"in2DMode":false,"pivot":{"x":-3.4696080684661867,"y":0.9229865074157715,"z":2.8236331939697267},"rotation":{"x":0.008692950941622258,"y":-0.9539509415626526,"z":0.2985551357269287,"w":0.027774078771471978},"size":2.796536684036255,"orthographic":false}